Country,capital_lat,capital_long,Population,GDPPerCapita,HappinessRank,HappinessScore,Whisker.high,Whisker.low,Economy..GDP.per.Capita.,Family,HealthLifeExpectancy,Freedom,Generosity,TrustGovernmentCorruption,DystopiaResidual,WikepediaPage
Afghanistan,34.51666667,69.183333,36296400,556.302139,141,3.79399991,3.87366142,3.71433841,0.40147722,0.58154333,0.18074678,0.10617952,0.31187093,0.06115783,2.150801182,https://en.wikipedia.org/wiki/Afghanistan
Albania,41.31666667,19.816667,2873457,4532.8892,109,4.64400005,4.75246401,4.5355361,0.99619275,0.80368525,0.73115975,0.38149863,0.20131294,0.03986422,1.490441561,https://en.wikipedia.org/wiki/Albania
Algeria,36.75,3.05,41389198,4123.39,53,5.87200022,5.97828643,5.765714,1.09186447,1.14621747,0.61758465,0.23333581,0.06943665,0.14609611,2.567603827,https://en.wikipedia.org/wiki/Algeria
Angola,-8.833333333,13.216667,29816748,4095.81294,140,3.79500008,3.95164194,3.63835822,0.85842818,1.10441196,0.04986867,0,0.09792649,0.06972034,1.614482403,https://en.wikipedia.org/wiki/Angola
Argentina,-34.58333333,-58.666667,44044811,14591.8634,24,6.59899998,6.69008509,6.50791487,1.18529546,1.44045115,0.69513708,0.4945192,0.10945706,0.05973989,2.614005327,https://en.wikipedia.org/wiki/Argentina
Armenia,40.16666667,44.5,2944809,3914.50127,121,4.37599993,4.46673461,4.28526524,0.90059674,1.00748372,0.63752443,0.19830327,0.08348809,0.02667442,1.521499157,https://en.wikipedia.org/wiki/Armenia
Australia,-35.26666667,149.133333,24601860,54093.6022,10,7.28399992,7.35665122,7.21134861,1.48441494,1.51004195,0.84388679,0.60160738,0.47769925,0.30118373,2.065210819,https://en.wikipedia.org/wiki/Australia
Austria,48.2,16.366667,8797566,47380.8296,13,7.00600004,7.07066981,6.94133027,1.48709726,1.45994496,0.81532842,0.56776619,0.31647232,0.22106037,2.138506413,https://en.wikipedia.org/wiki/Austria
Azerbaijan,40.38333333,49.866667,9854033,4147.08972,85,5.23400021,5.29928654,5.16871388,1.15360177,1.15240026,0.54077578,0.39815584,0.04526934,0.18098751,1.762481689,https://en.wikipedia.org/wiki/Azerbaijan
Bahrain,26.23333333,50.566667,1494074,23715.4828,41,6.08699989,6.17898907,5.99501072,1.48841226,1.32311046,0.65313303,0.53674692,0.17266849,0.25704217,1.656149387,https://en.wikipedia.org/wiki/Bahrain
Bangladesh,23.71666667,90.4,159670593,1563.99408,110,4.6079998,4.68982166,4.52617794,0.58668298,0.73513174,0.53324103,0.47835666,0.17225535,0.12371786,1.978736162,https://en.wikipedia.org/wiki/Bangladesh
Belarus,53.9,27.566667,9498264,5761.74712,67,5.56899977,5.64611424,5.49188529,1.15655756,1.44494522,0.63771427,0.29540026,0.15513751,0.15631382,1.723232985,https://en.wikipedia.org/wiki/Belarus
Belgium,50.83333333,4.333333,11375158,43507.2382,17,6.89099979,6.95582075,6.82617884,1.46378076,1.4623127,0.81809187,0.53977072,0.23150334,0.25134313,2.124210358,https://en.wikipedia.org/wiki/Belgium
Belize,17.25,-88.766667,375769,4956.80804,50,5.95599985,6.19724232,5.71475738,0.90797532,1.0814178,0.45019177,0.54750937,0.24001564,0.09658107,2.631955624,https://en.wikipedia.org/wiki/Belize
Benin,6.483333333,2.616667,11175204,827.42981,143,3.65700006,3.74578355,3.56821658,0.43108541,0.43529984,0.20993021,0.42596278,0.20794846,0.06092902,1.885630965,https://en.wikipedia.org/wiki/Benin
Bhutan,27.46666667,89.633333,745568,3390.71408,97,5.01100016,5.07933456,4.94266575,0.88541639,1.34012651,0.49587929,0.50153768,0.47405455,0.17338039,1.140184402,https://en.wikipedia.org/wiki/Bhutan
Bolivia,-16.5,-68.15,11192854,3351.12405,58,5.82299995,5.9039769,5.74202301,0.83375657,1.22761905,0.47363025,0.55873293,0.22556072,0.06047773,2.443279028,https://en.wikipedia.org/wiki/Bolivia
Bosnia_and_Herzegovina,43.86666667,18.416667,3351527,5394.59122,90,5.18200016,5.27633569,5.08766463,0.98240942,1.06933594,0.70518631,0.20440318,0.3288675,0,1.892172575,https://en.wikipedia.org/wiki/Bosnia_and_Herzegovina
Botswana,-24.63333333,25.9,2205128,7893.67593,142,3.76600003,3.87412267,3.6578774,1.12209415,1.22155499,0.34175551,0.50519633,0.09934845,0.0985832,0.377913713,https://en.wikipedia.org/wiki/Botswana
Brazil,-15.78333333,-47.916667,207833831,9880.94654,22,6.63500023,6.7254695,6.54453096,1.10735321,1.431306,0.61655235,0.43745375,0.16234989,0.11109276,2.769267082,https://en.wikipedia.org/wiki/Brazil
Bulgaria,42.68333333,23.316667,7075947,8228.01157,105,4.71400023,4.80369471,4.62430574,1.16145909,1.43437946,0.70821768,0.28923172,0.11317769,0.01105153,0.996139288,https://en.wikipedia.org/wiki/Bulgaria
Burkina_Faso,12.36666667,-1.516667,19193284,642.040427,134,4.03200006,4.12405906,3.93994107,0.35022771,1.04328001,0.21584426,0.32436785,0.25086468,0.12032811,1.727212906,https://en.wikipedia.org/wiki/Burkina_Faso
Burundi,-3.366666667,29.35,10827024,293.009062,154,2.90499997,3.07469033,2.73530961,0.09162257,0.62979358,0.15161079,0.05990075,0.20443518,0.08414795,1.683024168,https://en.wikipedia.org/wiki/Burundi
Cambodia,11.55,104.916667,16009414,1385.25998,129,4.16800022,4.27851781,4.05748263,0.6017651,1.00623834,0.4297834,0.63337582,0.38592297,0.06810595,1.042941093,https://en.wikipedia.org/wiki/Cambodia
Cameroon,3.866666667,11.516667,24566045,1421.58749,107,4.69500017,4.79654086,4.59345949,0.56430537,0.94601822,0.13289212,0.43038875,0.23629846,0.05130663,2.333645582,https://en.wikipedia.org/wiki/Cameroon
Canada,45.41666667,-75.7,36540268,45069.9273,7,7.31599998,7.38440284,7.24759713,1.47920442,1.48134899,0.83455765,0.61110091,0.43553972,0.28737152,2.187264442,https://en.wikipedia.org/wiki/Canada
Central_African_Republic,4.366666667,18.583333,4659000,471.603228,155,2.69300008,2.86488427,2.52111589,0,0,0.01877269,0.27084205,0.28087649,0.05656508,2.066004753,https://en.wikipedia.org/wiki/Central_African_Republic
Chad,12.1,15.033333,15016773,664.303316,137,3.93600011,4.03471152,3.83728869,0.43801299,0.95385587,0.04113472,0.16234203,0.21611385,0.05358188,2.071238041,https://en.wikipedia.org/wiki/Chad
Chile,-33.45,-70.666667,18470439,15037.3501,20,6.65199995,6.73925056,6.56474934,1.25278461,1.28402495,0.8194797,0.37689528,0.32666242,0.08228798,2.509585857,https://en.wikipedia.org/wiki/Chile
Colombia,4.6,-74.083333,48901066,6375.93206,36,6.35699987,6.45202005,6.26197969,1.07062232,1.40218294,0.59502792,0.47748742,0.14901447,0.04666874,2.616068125,https://en.wikipedia.org/wiki/Colombia
China,39.91666667,116.383333,1386395000,8759.04158,79,5.27299976,5.31927809,5.22672144,1.08116579,1.16083741,0.7414155,0.47278771,0.02880684,0.02279427,1.764938593,https://en.wikipedia.org/wiki/China
Congo_(Brazzaville),-4.25,15.283333,5110702,467.074238,124,4.29099989,4.41005351,4.17194627,0.80896425,0.83204436,0.28995743,0.43502587,0.12085213,0.07961813,1.724135637,https://en.wikipedia.org/wiki/Republic_of_the_Congo
Congo_(Kinshasa),-4.316666667,15.3,81398764,1702.57135,126,4.28000021,4.35781083,4.20218959,0.09210235,1.22902346,0.19140702,0.23596135,0.24645583,0.06024136,2.224958658,https://en.wikipedia.org/wiki/Democratic_Republic_of_the_Congo
Costa_Rica,9.933333333,-84.083333,4949954,11752.5436,12,7.079,7.16811167,6.98988833,1.10970628,1.41640365,0.75950927,0.58013165,0.21461323,0.10010659,2.898639202,https://en.wikipedia.org/wiki/Costa_Rica
Croatia,45.8,16,4124531,13383.6835,77,5.29300022,5.3917772,5.19422324,1.22255623,0.96798301,0.70128852,0.25577229,0.24800298,0.04310311,1.854492426,https://en.wikipedia.org/wiki/Croatia
Cyprus,35.16666667,33.366667,1179680,25760.7627,65,5.62099981,5.7146927,5.52730693,1.35593808,1.13136327,0.8447147,0.35511154,0.2712543,0.04123798,1.621249199,https://en.wikipedia.org/wiki/Cyprus
Czech_Republic,50.08333333,14.466667,10580000,20379.896,23,6.60900021,6.68386246,6.53413795,1.35268235,1.43388522,0.754444,0.49094617,0.08810676,0.03687293,2.451861858,https://en.wikipedia.org/wiki/Czech_Republic
Denmark,55.66666667,12.583333,5764980,57218.8549,2,7.52199984,7.58172806,7.46227161,1.48238301,1.55112159,0.79256552,0.62600672,0.35528049,0.40077007,2.313707352,https://en.wikipedia.org/wiki/Denmark
Dominican_Republic,18.46666667,-69.9,10513131,7222.55404,86,5.23000002,5.34906089,5.11093915,1.07937384,1.40241671,0.57487375,0.55258983,0.18696785,0.11394525,1.31946516,https://en.wikipedia.org/wiki/Dominican_Republic
Ecuador,-0.216666667,-78.5,16785361,6213.50128,44,6.0079999,6.10584768,5.91015212,1.0008204,1.28616881,0.68563622,0.4551982,0.15011247,0.14013465,2.290352583,https://en.wikipedia.org/wiki/Ecuador
Egypt,30.05,31.25,96442593,2440.51017,104,4.73500013,4.82513379,4.64486648,0.98970181,0.99747139,0.52018726,0.28211015,0.12863144,0.11438137,1.702161074,https://en.wikipedia.org/wiki/Egypt
El_Salvador,13.7,-89.2,6388122,3902.23762,45,6.00299978,6.10863512,5.89736444,0.9097845,1.18212509,0.59601855,0.43245253,0.07825799,0.08998096,2.714593887,https://en.wikipedia.org/wiki/El_Salvador
Estonia,59.43333333,24.716667,1317384,20200.3756,66,5.61100006,5.68813987,5.53386025,1.32087934,1.4766711,0.69516832,0.47913143,0.09889081,0.18324892,1.357508659,https://en.wikipedia.org/wiki/Estonia
Ethiopia,9.033333333,38.7,106400024,767.59,119,4.46000004,4.54272868,4.3772714,0.33923385,0.8646692,0.35340971,0.40884274,0.31265074,0.16545571,2.015743732,https://en.wikipedia.org/wiki/Ethiopia
Finland,60.16666667,24.933333,5508214,45809.9734,5,7.46899986,7.52754208,7.41045765,1.44357193,1.54024673,0.80915767,0.61795086,0.24548277,0.38261154,2.430181503,https://en.wikipedia.org/wiki/Finland
France,48.86666667,2.333333,66865144,38679.1272,31,6.44199991,6.5157678,6.36823202,1.43092346,1.38777685,0.84446585,0.47022212,0.12976231,0.17250243,2.005954742,https://en.wikipedia.org/wiki/France
Gabon,0.383333333,9.45,2064823,7212.53574,118,4.46500015,4.55736177,4.37263854,1.19821024,1.15562022,0.35657859,0.31232858,0.04378538,0.07604679,1.322916269,https://en.wikipedia.org/wiki/Gabon
Georgia,41.68333333,44.833333,3728004,4045.41705,125,4.28599977,4.37493397,4.19706558,0.95061266,0.57061493,0.64954698,0.30941004,0.05400882,0.25166664,1.500137806,https://en.wikipedia.org/wiki/Georgia_(country)
Germany,52.51666667,13.4,82657002,44681.0826,16,6.95100021,7.00538157,6.89661886,1.48792338,1.47252035,0.79895073,0.56251138,0.33626917,0.27673194,2.015769958,https://en.wikipedia.org/wiki/Germany
Ghana,5.55,-0.216667,29121471,2025.88586,131,4.11999989,4.22270721,4.01729256,0.66722482,0.87366474,0.29563773,0.42302629,0.25692394,0.02533637,1.577867508,https://en.wikipedia.org/wiki/Ghana
Greece,37.98333333,23.733333,10754679,18883.4601,87,5.22700024,5.32524617,5.1287543,1.28948748,1.23941457,0.8101989,0.09573125,0,0.04328978,1.749221563,https://en.wikipedia.org/wiki/Greece
Guatemala,14.61666667,-90.516667,16914936,4470.6108,29,6.454,6.56687397,6.34112602,0.87200195,1.25558519,0.54023999,0.53131062,0.28348839,0.07722328,2.893891096,https://en.wikipedia.org/wiki/Guatemala
Guinea,9.5,-13.7,12067539,821.651461,149,3.50699997,3.58442813,3.42957181,0.24454993,0.79124469,0.19412914,0.34858751,0.26481509,0.11093762,1.552311897,https://en.wikipedia.org/wiki/Guinea
Haiti,18.53333333,-72.333333,10982366,765.613985,145,3.60299993,3.7347148,3.47128505,0.36861026,0.64044982,0.27732113,0.03036986,0.48920378,0.09987215,1.697167635,https://en.wikipedia.org/wiki/Haiti
Honduras,14.1,-87.216667,9429013,2432.93536,91,5.18100023,5.3015828,5.06041767,0.73057312,1.14394498,0.58256948,0.34807986,0.23618887,0.07334545,2.065811157,https://en.wikipedia.org/wiki/Honduras
Hungary,47.5,19.083333,9787966,14278.8745,75,5.32399988,5.40303971,5.24496005,1.28601193,1.34313309,0.68776345,0.17586352,0.07840166,0.03663694,1.716459274,https://en.wikipedia.org/wiki/Hungary
Iceland,64.15,-21.95,343400,70056.87,3,7.50400019,7.62203047,7.3859699,1.48063302,1.61057401,0.83355212,0.62716264,0.47554022,0.15352656,2.322715282,https://en.wikipedia.org/wiki/Iceland
India,28.6,77.2,1338658835,1981.49905,122,4.31500006,4.37152202,4.2584781,0.79222125,0.7543726,0.45542762,0.469987,0.23153849,0.09222689,1.519117117,https://en.wikipedia.org/wiki/India
Indonesia,-6.166666667,106.816667,264645886,3836.91381,81,5.26200008,5.3528886,5.17111157,0.99553859,1.2744447,0.49234572,0.44332346,0.61170459,0.01531714,1.429476976,https://en.wikipedia.org/wiki/Indonesia
Iran,35.7,51.416667,80673951,5627.74927,108,4.69199991,4.79822471,4.58577512,1.15687311,0.71155125,0.63933319,0.24932261,0.38724291,0.04876107,1.498734951,https://en.wikipedia.org/wiki/Iran
Iraq,33.33333333,44.4,37552781,5143.66123,117,4.49700022,4.62259141,4.37140903,1.10271049,0.9786132,0.50118047,0.28855553,0.19963726,0.10721575,1.318907261,https://en.wikipedia.org/wiki/Iraq
Ireland,53.31666667,-6.233333,4807388,69649.8827,15,6.97700024,7.04335167,6.91064881,1.53570664,1.55823112,0.80978262,0.57311034,0.42785832,0.29838815,1.773869038,https://en.wikipedia.org/wiki/Ireland
Israel,31.76666667,35.233333,8713300,40543.5842,11,7.21299982,7.27985326,7.14614638,1.37538242,1.37628996,0.838404,0.4059886,0.33008265,0.0852421,2.801757336,https://en.wikipedia.org/wiki/Israel
Italy,41.9,12.483333,60536709,32155.2059,48,5.96400023,6.04273691,5.88526354,1.39506662,1.44492328,0.85314435,0.25645071,0.17278965,0.02802809,1.813312054,https://en.wikipedia.org/wiki/Italy
Jamaica,18,-76.8,2920853,5060.54492,76,5.31099987,5.58139873,5.04060101,0.92557931,1.36821806,0.64102238,0.47430724,0.23381834,0.05526778,1.612325668,https://en.wikipedia.org/wiki/Jamaica
Japan,35.68333333,139.75,126785797,38331.9794,51,5.92000008,5.99071944,5.84928071,1.41691518,1.43633783,0.91347587,0.50562555,0.12057277,0.16376074,1.363223553,https://en.wikipedia.org/wiki/Japan
Jordan,31.95,35.933333,9779173,4168.6416,74,5.33599997,5.44841002,5.22358991,0.99101239,1.23908889,0.60459006,0.41842115,0.17217046,0.11980327,1.791176558,https://en.wikipedia.org/wiki/Jordan
Kazakhstan,51.16666667,71.416667,18037776,9030.31881,60,5.81899977,5.90364177,5.73435776,1.28455627,1.38436902,0.60604155,0.43745428,0.20196442,0.11928289,1.784892559,https://en.wikipedia.org/wiki/Kazakhstan
Kenya,-1.283333333,36.816667,50221473,1568.20154,112,4.55299997,4.65569159,4.45030836,0.56047946,1.06795073,0.30998835,0.45276377,0.44486031,0.06464132,1.651902199,https://en.wikipedia.org/wiki/Kenya
Kosovo,42.66666667,21.166667,1830700,3948.08815,78,5.27899981,5.364848,5.19315162,0.95148438,1.1378535,0.54145205,0.26028794,0.31993145,0.05747162,2.010540724,https://en.wikipedia.org/wiki/Kosovo
Kuwait,29.36666667,47.966667,4056097,29474.5414,39,6.10500002,6.19195699,6.01804305,1.63295245,1.25969875,0.63210571,0.49633759,0.2282898,0.21515955,1.640425205,https://en.wikipedia.org/wiki/Kuwait
Kyrgyzstan,42.86666667,74.6,6198200,1242.76964,98,5.00400019,5.0899199,4.91808047,0.59622008,1.39423859,0.5534578,0.45494339,0.42858037,0.03943918,1.536723137,https://en.wikipedia.org/wiki/Kyrgyzstan
Latvia,56.95,24.1,1942248,15684.5585,54,5.8499999,5.92026354,5.77973627,1.26074862,1.40471494,0.63856697,0.32570791,0.15307479,0.07384273,1.993655205,https://en.wikipedia.org/wiki/Latvia
Lebanon,33.86666667,35.5,6811873,7838.34339,88,5.2249999,5.31888229,5.13111752,1.07498753,1.12962425,0.73508108,0.28851599,0.26445076,0.03751383,1.695073843,https://en.wikipedia.org/wiki/Lebanon
Lesotho,-29.31666667,27.483333,2091412,1232.78692,139,3.80800009,4.04434398,3.5716562,0.52102125,1.19009519,0,0.3906613,0.15749727,0.11909464,1.42983532,https://en.wikipedia.org/wiki/Lesotho
Liberia,6.3,-10.8,4702228,698.701764,148,3.53299999,3.65375626,3.41224372,0.11904179,0.87211794,0.2299182,0.33288118,0.26654989,0.03894825,1.673285961,https://en.wikipedia.org/wiki/Liberia
Libya,32.88333333,13.166667,6580724,5792.06511,68,5.5250001,5.67695381,5.37304638,1.10180306,1.35756433,0.52016902,0.46573323,0.15207367,0.09261021,1.835011244,https://en.wikipedia.org/wiki/Libya
Lithuania,54.68333333,25.316667,2828403,16809.6483,52,5.90199995,5.98266964,5.82133026,1.31458235,1.47351611,0.62894994,0.23423178,0.01016466,0.01186564,2.228440523,https://en.wikipedia.org/wiki/Lithuania
Luxembourg,49.6,6.116667,596336,104498.739,18,6.86299992,6.9236861,6.80231373,1.7419436,1.45758367,0.8450895,0.59662789,0.28318098,0.31883442,1.619512081,https://en.wikipedia.org/wiki/Luxembourg
Macedonia,42,21.433333,2074000,5442.61,92,5.17500019,5.27217264,5.07782774,1.06457794,1.20789301,0.64494818,0.32590598,0.25376096,0.06027779,1.617469311,https://en.wikipedia.org/wiki/Macedonia
Madagascar,-18.91666667,47.516667,25570540,448.400797,144,3.64400005,3.71431911,3.573681,0.30580869,0.91302037,0.37522331,0.18919677,0.20873253,0.06723198,1.584612608,https://en.wikipedia.org/wiki/Madagascar
Malawi,-13.96666667,33.783333,17670260,356.717573,136,3.97000003,4.07747882,3.86252124,0.23344204,0.51256883,0.31508958,0.46691465,0.28717047,0.07271165,2.081786156,https://en.wikipedia.org/wiki/Malawi
Malaysia,3.166666667,101.7,31105028,10117.569,42,6.08400011,6.17997964,5.98802058,1.29121542,1.28464603,0.61878443,0.40226498,0.41660893,0.06560071,2.004448891,https://en.wikipedia.org/wiki/Malaysia
Mali,12.65,-8,18512394,828.61322,127,4.19000006,4.26967071,4.1103294,0.47618049,1.2814734,0.16936567,0.30661374,0.1833542,0.10497025,1.668190956,https://en.wikipedia.org/wiki/Mali
Malta,35.88333333,14.5,467999,27241.0906,27,6.52699995,6.59839677,6.45560313,1.34327984,1.48841166,0.82194424,0.58876705,0.57473058,0.15306607,1.556862831,https://en.wikipedia.org/wiki/Malta
Mauritania,18.06666667,-15.966667,4282574,1161.78546,123,4.29199982,4.37716362,4.20683602,0.64845729,1.27203083,0.28534928,0.09609804,0.20187002,0.136957,1.651637316,https://en.wikipedia.org/wiki/Mauritania
Mauritius,-20.15,57.483333,1264613,10484.9084,64,5.62900019,5.72986219,5.52813818,1.18939555,1.20956099,0.63800746,0.49124733,0.36093375,0.04218156,1.697583914,https://en.wikipedia.org/wiki/Mauritius
Mexico,19.43333333,-99.133333,124777324,9281.10148,25,6.57800007,6.67114891,6.48485123,1.15318382,1.21086216,0.709979,0.41273001,0.12099043,0.13277411,2.837154865,https://en.wikipedia.org/wiki/Mexico
Moldova,47,28.85,3549196,2724.49309,56,5.83799982,5.90837084,5.7676288,0.72887063,1.25182557,0.5894652,0.24072905,0.20877913,0.01009129,2.807808399,https://en.wikipedia.org/wiki/Moldova
Mongolia,47.91666667,106.916667,3113779,3671.94842,100,4.95499992,5.02167951,4.88832034,1.02723587,1.49301124,0.55778348,0.39414397,0.33846423,0.03290229,1.111292362,https://en.wikipedia.org/wiki/Mongolia
Montenegro,42.43333333,19.266667,622373,7784.06529,83,5.23699999,5.34104444,5.13295554,1.12112904,1.2383765,0.66746467,0.19498906,0.19791102,0.08817419,1.729191542,https://en.wikipedia.org/wiki/Montenegro
Morocco,34.01666667,-6.816667,35581294,3036.17106,84,5.23500013,5.31834096,5.1516593,0.87811458,0.77486444,0.59771067,0.40815833,0.03220996,0.08776318,2.456189394,https://en.wikipedia.org/wiki/Morocco
Mozambique,-25.95,32.583333,28649007,441.617837,113,4.55000019,4.77410233,4.32589806,0.23430565,0.87070101,0.10665444,0.48079109,0.3222281,0.17943639,2.355650902,https://en.wikipedia.org/wiki/Mozambique
Myanmar,16.8,96.15,53382581,1249.82876,114,4.54500008,4.61473995,4.47526021,0.36711055,1.12323594,0.39752257,0.51449203,0.83807516,0.1888162,1.115290403,https://en.wikipedia.org/wiki/Myanmar
Namibia,-22.56666667,17.083333,2402603,5646.45601,111,4.57399988,4.77035474,4.37764502,0.96443433,1.09847081,0.33861181,0.52030355,0.07713374,0.09314697,1.481890202,https://en.wikipedia.org/wiki/Namibia
Nepal,27.71666667,85.316667,27627124,900.573904,99,4.96199989,5.06735608,4.85664371,0.47982019,1.17928326,0.50413078,0.44030595,0.39409617,0.07297555,1.891241074,https://en.wikipedia.org/wiki/Nepal
Netherlands,52.35,4.916667,17131296,48554.9923,6,7.37699986,7.42742584,7.32657387,1.50394464,1.42893922,0.81069613,0.58538449,0.47048983,0.28266183,2.294804096,https://en.wikipedia.org/wiki/Netherlands
New_Zealand,-41.3,174.783333,4793900,42260.1252,8,7.31400013,7.37951044,7.24848982,1.40570605,1.54819512,0.81675971,0.61406213,0.50000513,0.3828167,2.046456337,https://en.wikipedia.org/wiki/New_Zealand
Nicaragua,12.13333333,-86.25,6384855,2168.19124,43,6.0710001,6.1865836,5.9554166,0.7372992,1.28721571,0.65309596,0.44755185,0.30167422,0.13068798,2.513930559,https://en.wikipedia.org/wiki/Nicaragua
Niger,13.51666667,2.116667,21602472,375.86949,135,4.02799988,4.11194682,3.94405294,0.16192533,0.993025,0.26850501,0.3636587,0.22867385,0.13857295,1.873983383,https://en.wikipedia.org/wiki/Niger
Nigeria,9.083333333,7.533333,190873311,1968.55959,95,5.07399988,5.20950014,4.93849963,0.78375626,1.21577048,0.05691573,0.39495257,0.2309472,0.02612157,2.365390539,https://en.wikipedia.org/wiki/Nigeria
North_Cyprus,35.183333,33.366667,326000,28341,61,5.80999994,5.89736646,5.72263342,1.34691131,1.18630338,0.83464724,0.47120363,0.2668457,0.15535335,1.549157619,https://en.wikipedia.org/wiki/Northern_Cyprus
Norway,59.91666667,10.75,5276968,75704.2487,1,7.53700018,7.59444482,7.47955554,1.61646318,1.53352356,0.7966665,0.63542259,0.36201224,0.31596383,2.277026653,https://en.wikipedia.org/wiki/Norway
Pakistan,33.68333333,73.05,207896686,1466.8431,80,5.26900005,5.35998364,5.17801647,0.72688353,0.67269069,0.40204778,0.23521526,0.31544602,0.12434807,2.79248929,https://en.wikipedia.org/wiki/Pakistan
Palestinian_Territories,31.76666667,35.233333,4685000,2926,103,4.7750001,4.88184834,4.66815185,0.71624923,1.15564716,0.56566697,0.25471106,0.11417317,0.0892826,1.878890276,https://en.wikipedia.org/wiki/Palestinian_territories
Panama,8.966666667,-79.533333,4106771,15166.1244,30,6.45200014,6.55713072,6.34686957,1.23374844,1.37319255,0.70615613,0.55002683,0.21055694,0.07098392,2.307199955,https://en.wikipedia.org/wiki/Panama
Paraguay,-25.26666667,-57.666667,6867062,5680.58077,70,5.49300003,5.57738127,5.40861879,0.93253732,1.50728488,0.57925069,0.47350779,0.22415066,0.09106591,1.68533349,https://en.wikipedia.org/wiki/Paraguay
Peru,-12.05,-77.05,31444297,6700.81138,63,5.71500015,5.81194678,5.61805353,1.03522527,1.21877038,0.63016611,0.45000288,0.12681971,0.04704909,2.20726943,https://en.wikipedia.org/wiki/Peru
Philippines,14.6,120.966667,105173264,2981.93415,72,5.42999983,5.54533505,5.3146646,0.85769922,1.25391757,0.46800905,0.58521467,0.19351342,0.09933189,1.972604752,https://en.wikipedia.org/wiki/Philippines
Poland,52.25,21,37974826,13861.0516,46,5.97300005,6.05390834,5.89209176,1.29178786,1.44571197,0.69947535,0.52034211,0.15846597,0.05930781,1.797722816,https://en.wikipedia.org/wiki/Poland
Portugal,38.71666667,-9.133333,10300300,21291.431,89,5.19500017,5.28504173,5.10495861,1.31517529,1.36704302,0.79584354,0.4984653,0.09510271,0.01586945,1.107682705,https://en.wikipedia.org/wiki/Portugal
Qatar,25.28333333,51.533333,2724724,61264.3965,35,6.375,6.56847681,6.18152319,1.87076569,1.27429688,0.71009809,0.60413098,0.33047387,0.43929926,1.14546442,https://en.wikipedia.org/wiki/Qatar
Romania,44.43333333,26.1,19587491,10792.9563,57,5.82499981,5.91969416,5.73030546,1.21768391,1.15009129,0.68515831,0.45700374,0.13351992,0.0043879,2.176831484,https://en.wikipedia.org/wiki/Romania
Russia,55.75,37.6,144496740,10750.5871,49,5.96299982,6.03027491,5.89572473,1.2817781,1.46928239,0.54734933,0.37378311,0.05226382,0.03296288,2.205607414,https://en.wikipedia.org/wiki/Russia
Rwanda,-1.95,30.05,11980937,762.499164,151,3.47099996,3.54303023,3.39896968,0.36874589,0.94570702,0.32642481,0.58184385,0.25275603,0.45522001,0.540061235,https://en.wikipedia.org/wiki/Rwanda
Saudi_Arabia,24.65,46.7,33099147,20803.7426,37,6.34399986,6.44416661,6.24383311,1.53062356,1.2866776,0.59014833,0.44975057,0.14761601,0.27343225,2.065429688,https://en.wikipedia.org/wiki/Saudi_Arabia
Senegal,14.73333333,-17.633333,15419381,1367.21895,115,4.53499985,4.60160378,4.46839591,0.47930902,1.17969191,0.40936285,0.37792227,0.18346889,0.11546045,1.789646149,https://en.wikipedia.org/wiki/Senegal
Serbia,44.83333333,20.5,7020858,6284.19267,73,5.39499998,5.49156966,5.29843031,1.06931758,1.2581898,0.65078467,0.20871553,0.22012588,0.04090378,1.947084427,https://en.wikipedia.org/wiki/Serbia
Sierra_Leone,8.483333333,-13.233333,7488431,499.380708,106,4.70900011,4.85064333,4.56735689,0.36842093,0.98413604,0.00556475,0.31869769,0.2930409,0.07109518,2.668459892,https://en.wikipedia.org/wiki/Sierra_Leone
Singapore,1.283333333,103.85,5612253,60297.7938,26,6.57200003,6.63672307,6.50727698,1.69227767,1.35381436,0.94949239,0.54984057,0.34596598,0.46430779,1.216362,https://en.wikipedia.org/wiki/Singapore
Slovakia,48.15,17.116667,5439232,17579.2594,40,6.09800005,6.17734841,6.01865169,1.32539356,1.50505924,0.71273291,0.29581746,0.13654448,0.02421085,2.097776651,https://en.wikipedia.org/wiki/Slovakia
Slovenia,46.05,14.516667,2066388,23449.5745,62,5.7579999,5.84222516,5.67377463,1.34120595,1.45251882,0.79082823,0.57257581,0.24264909,0.04512898,1.313317299,https://en.wikipedia.org/wiki/Slovenia
Somalia,2.066666667,45.333333,14589119,309.066059,93,5.15100002,5.24248371,5.05951634,0.02264318,0.72115135,0.11398914,0.60212696,0.29163131,0.28241032,3.11748457,https://en.wikipedia.org/wiki/Somalia
South_Africa,-25.7,28.216667,57000451,6127.4623,101,4.829,4.92943519,4.7285648,1.05469871,1.38478863,0.18708007,0.47924674,0.13936238,0.0725095,1.510908604,https://en.wikipedia.org/wiki/South_Africa
South_Korea,37.55,126.983333,51470000,29742,55,5.83799982,5.92255903,5.75344061,1.40167844,1.12827444,0.90021408,0.25792167,0.20667437,0.06328267,1.880378008,https://en.wikipedia.org/wiki/South_Korea
South_Sudan,4.85,31.616667,10910759,270,147,3.59100008,3.72553859,3.45646157,0.39724863,0.60132313,0.163486,0.14706244,0.28567082,0.11679351,1.879567385,https://en.wikipedia.org/wiki/South_Sudan
Spain,40.4,-3.683333,46593236,28208.2611,34,6.40299988,6.47105485,6.33494491,1.38439786,1.5320909,0.8889606,0.40878123,0.19013357,0.0709141,1.92775774,https://en.wikipedia.org/wiki/Spain
Sri_Lanka,6.916666667,79.833333,21444000,4104.63098,120,4.44000006,4.55344719,4.32655292,1.00985014,1.25997639,0.62513083,0.56121325,0.49086356,0.07365397,0.419389248,https://en.wikipedia.org/wiki/Sri_Lanka
Sudan,15.6,32.533333,40813396,3015.02443,130,4.13899994,4.34574717,3.93225271,0.65951669,1.21400857,0.29092082,0.01499586,0.18231745,0.08984752,1.68706584,https://en.wikipedia.org/wiki/Sudan
Sweden,59.33333333,18.05,10057698,53253.4766,9,7.28399992,7.34409488,7.22390496,1.49438727,1.47816217,0.83087516,0.6129241,0.38539925,0.38439873,2.097537994,https://en.wikipedia.org/wiki/Sweden
Switzerland,46.91666667,7.466667,8451840,80333.4449,4,7.49399996,7.56177242,7.4262275,1.56497955,1.51691175,0.85813129,0.62007058,0.29054928,0.36700729,2.276716232,https://en.wikipedia.org/wiki/Switzerland
Syria,33.5,36.3,17068002,890,152,3.46199989,3.66366856,3.26033123,0.77715313,0.39610261,0.50053334,0.08153944,0.49366373,0.15134713,1.061573505,https://en.wikipedia.org/wiki/Syria
Taiwan_Province_of_China,25.03333333,121.516667,23571000,24408,33,6.42199993,6.49459602,6.34940384,1.43362653,1.38456535,0.79398423,0.36146659,0.25836048,0.06382924,2.126607418,https://en.wikipedia.org/wiki/Taiwan
Tajikistan,38.55,68.766667,8880268,806.041573,96,5.04099989,5.1114256,4.97057418,0.52471364,1.27146327,0.52923512,0.47156671,0.24899764,0.14637715,1.84904933,https://en.wikipedia.org/wiki/Tajikistan
Tanzania,-6.8,39.283333,54663906,1004.84112,153,3.34899998,3.46142976,3.2365702,0.51113588,1.0419898,0.36450928,0.39001778,0.35425636,0.06603511,0.621130466,https://en.wikipedia.org/wiki/Tanzania
Thailand,13.75,100.516667,69209858,6578.18887,32,6.42399979,6.50911686,6.33888272,1.12786877,1.42579246,0.64723903,0.58020073,0.57212311,0.03161274,2.039508343,https://en.wikipedia.org/wiki/Thailand
Togo,-21.13333333,-175.2,7698475,619.066371,150,3.49499989,3.59403811,3.39596166,0.30544472,0.43188253,0.24710557,0.38042614,0.19689615,0.09566502,1.837229252,https://en.wikipedia.org/wiki/Togo
Trinidad_and_Tobago,10.65,-61.516667,1369000,16076.082,38,6.16800022,6.38153389,5.95446655,1.3613559,1.38022852,0.51998329,0.51863074,0.32529646,0.00896482,2.053247452,https://en.wikipedia.org/wiki/Trinidad_and_Tobago
Tunisia,36.8,10.183333,11433443,3494.31886,102,4.80499983,4.88436701,4.72563265,1.00726581,0.86835146,0.61321205,0.28968069,0.04969336,0.08672315,1.89025116,https://en.wikipedia.org/wiki/Tunisia
Turkey,39.93333333,32.866667,81101892,10499.7456,69,5.5,5.59486496,5.40513504,1.19827437,1.33775318,0.63760561,0.3007406,0.04669304,0.09967158,1.879277945,https://en.wikipedia.org/wiki/Turkey
Turkmenistan,37.95,58.383333,5757669,6587.09032,59,5.82200003,5.88518088,5.75881918,1.13077676,1.49314916,0.43772608,0.41827193,0.24992499,0.25927034,1.832909822,https://en.wikipedia.org/wiki/Turkmenistan
Uganda,0.316666667,32.55,41162465,631.52272,133,4.08099985,4.19579997,3.96619974,0.38143072,1.12982774,0.21763261,0.44318596,0.32576606,0.05706972,1.526362658,https://en.wikipedia.org/wiki/Uganda
Ukraine,50.43333333,30.516667,44831135,2640.67568,132,4.09600019,4.1854101,4.00659028,0.89465195,1.39453757,0.57590395,0.12297478,0.27006146,0.02302947,0.814382315,https://en.wikipedia.org/wiki/Ukraine
United_Arab_Emirates,24.46666667,54.366667,9487203,40325.382,21,6.64799976,6.7220473,6.57395222,1.62634337,1.26641023,0.72679824,0.60834527,0.36094195,0.32448956,1.734703541,https://en.wikipedia.org/wiki/United_Arab_Emirates
United_Kingdom,51.5,-0.083333,66058859,39932.0603,19,6.71400023,6.78379176,6.64420869,1.44163394,1.49646008,0.80533594,0.50819004,0.49277416,0.26542807,1.704143524,https://en.wikipedia.org/wiki/United_Kingdom
United_States,38.883333,-77,325147121,59927.9298,14,6.99300003,7.07465675,6.91134331,1.54625928,1.41992056,0.77428663,0.50574052,0.39257878,0.13563879,2.218113422,https://en.wikipedia.org/wiki/United_States
Uruguay,-34.85,-56.166667,3436646,1826.56704,28,6.454,6.54590622,6.36209377,1.2175597,1.41222787,0.71921682,0.57939225,0.17509693,0.17806187,2.172409534,https://en.wikipedia.org/wiki/Uruguay
Uzbekistan,41.31666667,69.25,32388600,1504,47,5.97100019,6.06553757,5.87646282,0.78644109,1.54896915,0.49827263,0.65824866,0.41598365,0.24652822,1.816913605,https://en.wikipedia.org/wiki/Uzbekistan
Venezuela,10.48333333,-66.866667,29390409,4894,82,5.25,5.37003195,5.12996805,1.1284312,1.43133759,0.61714423,0.15399712,0.06501963,0.06449112,1.789463758,https://en.wikipedia.org/wiki/Venezuela
Vietnam,21.03333333,105.85,94596642,2365.62167,94,5.07399988,5.14728076,5.000719,0.78854758,1.27749133,0.65216899,0.57105559,0.23496805,0.08763324,1.462318659,https://en.wikipedia.org/wiki/Vietnam
Yemen,15.35,44.2,27834821,963.494721,146,3.59299994,3.69275032,3.49324955,0.59168345,0.93538225,0.31008092,0.24946372,0.10412521,0.05676742,1.345600605,https://en.wikipedia.org/wiki/Yemen
Zambia,-15.416667,28.283333,16853688,1534.86537,116,4.51399994,4.6441055,4.38389438,0.63640678,1.0031873,0.25783589,0.46160349,0.24958014,0.07821355,1.826705456,https://en.wikipedia.org/wiki/Zambia
Zimbabwe,-17.816667,31.033333,14236745,1602.40351,138,3.875,3.97869964,3.77130036,0.37584653,1.08309591,0.19676375,0.33638421,0.18914349,0.09537538,1.597970247,https://en.wikipedia.org/wiki/Zimbabwe